learner_id,encounter_date,school,outcome,followup_date,referral,referral_facility,age
L001,2026-01-05,School A,Completed,,YES,Clinic 1,12
L002,2026-01-06,School B,Completed,,NO,Clinic X,15
L003,2026-02-03,School A,In Progress,NA,NO,NA,9
L004,2026-02-10,School A,Completed,2026-02-15,NO,NA,17
L005,2026-02-20,School C,Completed,,YES,Clinic 2,22
L006,2026-03-01,School A,Completed,,YES,Clinic 1,13
L006,2026-03-08,School A,Completed,2026-03-05,YES,Clinic 1,11
L006,2026-03-08,School A,Completed,,YES,Clinic 1,abc

